<?xml version="1.0" encoding="UTF-8"?>
<!DOCTYPE suite SYSTEM "https://testng.org/testng-1.0.dtd">

<suite name="Suite">

	<test name="Test">
	
	<groups>
		
		<run>
			
			<include name="Regression Test"></include> 
			
			<exclude name="Smoke Test"></exclude>
		
		</run>
	
	</groups>

		<classes>
		
			<class name="parallelTest.OneTest" />
			
			<class name="parallelTest.TwoTest" />
			
			<class name="parallelTest.ThreeTest" />
			
			<class name="parallelTest.FourTest" />

		</classes>

	</test> <!-- Test -->

</suite> <!-- Suite -->
