<?xml version="1.0" encoding="UTF-8"?>
<!DOCTYPE suite SYSTEM "https://testng.org/testng-1.0.dtd">

<suite name="Suite" parallel="tests" thread-count="2">

	<test name="Test1">

		<classes>

			<class name="parallelTest.OneTest" />

			<class name="parallelTest.TwoTest" />

		</classes>

	</test> <!-- Test -->

	<test name="Test2">

		<classes>

			<class name="parallelTest.ThreeTest" />

			<class name="parallelTest.FourTest" />

		</classes>

	</test>

</suite> <!-- Suite -->
